active_ingredients,company,dosage_from_route,drug_application_no,drug_name,drug_type,last_updated,marketing_status,rld,rs,strength,te_code,website_info_urls,cid,smiles
GALLIUM GA-68 GOZETOTIDE,TELIX,POWDER;INTRAVENOUS,214032,ILLUCCIX,NDA,20250915_095622,Prescription,Yes,Yes,,,,154572876.0,[H+].C1=CC(=C(C=C1CCC(=O)NCCCCCC(=O)NCCCCC(C(=O)O)NC(=O)NC(CCC(=O)O)C(=O)O)CN(CCN(CC2=C(C=CC(=C2)CCC(=O)O)[O-])CC(=O)[O-])CC(=O)[O-])[O-].[Ga+3]
RILUZOLE,ITALFARMACO SA,SUSPENSION;ORAL,209080,TIGLUTIK KIT,NDA,20250915_095624,Prescription,Yes,Yes,50MG/10ML,AB,,5070.0,C1=CC2=C(C=C1OC(F)(F)F)SC(=N2)N
RILUZOLE,COVIS,TABLET;ORAL,20599,RILUTEK,NDA,20250915_095625,Discontinued,Yes,No,50MG,,,5070.0,C1=CC2=C(C=C1OC(F)(F)F)SC(=N2)N
POTASSIUM CHLORIDE,MACLEODS PHARMS LTD,SOLUTION;ORAL,218733,POTASSIUM CHLORIDE,ANDA,20250915_095626,Prescription,No,No,20MEQ/15ML,AA,,4873.0,[Cl-].[K+]
POTASSIUM CHLORIDE,MACLEODS PHARMS LTD,SOLUTION;ORAL,218733,POTASSIUM CHLORIDE,ANDA,20250915_095626,Prescription,No,No,40MEQ/15ML,AA,,4873.0,[Cl-].[K+]
SELUMETINIB SULFATE,ASTRAZENECA,CAPSULE;ORAL,213756,KOSELUGO,NDA,20250915_095628,Prescription,Yes,No,EQ 10MG BASE,,,10127622.0,CN1C=NC2=C1C=C(C(=C2F)NC3=C(C=C(C=C3)Br)Cl)C(=O)NOCCO
SELUMETINIB SULFATE,ASTRAZENECA,CAPSULE;ORAL,213756,KOSELUGO,NDA,20250915_095628,Prescription,Yes,Yes,EQ 25MG BASE,,,10127622.0,CN1C=NC2=C1C=C(C(=C2F)NC3=C(C=C(C=C3)Br)Cl)C(=O)NOCCO
CABOZANTINIB S-MALATE,EXELIXIS INC,TABLET;ORAL,208692,CABOMETYX,NDA,20250915_095629,Prescription,Yes,No,EQ 20MG BASE,,,25102846.0,COC1=CC2=C(C=CN=C2C=C1OC)OC3=CC=C(C=C3)NC(=O)C4(CC4)C(=O)NC5=CC=C(C=C5)F.C(C(C(=O)O)O)C(=O)O
CABOZANTINIB S-MALATE,EXELIXIS INC,TABLET;ORAL,208692,CABOMETYX,NDA,20250915_095629,Prescription,Yes,No,EQ 40MG BASE,,,25102846.0,COC1=CC2=C(C=CN=C2C=C1OC)OC3=CC=C(C=C3)NC(=O)C4(CC4)C(=O)NC5=CC=C(C=C5)F.C(C(C(=O)O)O)C(=O)O
CABOZANTINIB S-MALATE,EXELIXIS INC,TABLET;ORAL,208692,CABOMETYX,NDA,20250915_095629,Prescription,Yes,Yes,EQ 60MG BASE,,,25102846.0,COC1=CC2=C(C=CN=C2C=C1OC)OC3=CC=C(C=C3)NC(=O)C4(CC4)C(=O)NC5=CC=C(C=C5)F.C(C(C(=O)O)O)C(=O)O
SODIUM OXYBATE,AMNEAL,SOLUTION;ORAL,203631,SODIUM OXYBATE,ANDA,20250915_095630,Prescription,No,No,0.5GM/ML,AA,,23663870.0,C(CC(=O)[O-])CO.[Na+]
MEFENAMIC ACID,LUPIN LTD,CAPSULE;ORAL,91322,MEFENAMIC ACID,ANDA,20250915_095630,Prescription,No,No,250MG,AB,,4044.0,CC1=C(C(=CC=C1)NC2=CC=CC=C2C(=O)O)C
MILNACIPRAN HYDROCHLORIDE,ABBVIE,TABLET;ORAL,22256,SAVELLA,NDA,20250915_095631,Prescription,Yes,No,12.5MG,AB,,163701.0,CCN(CC)C(=O)C1(CC1CN)C2=CC=CC=C2.Cl
MILNACIPRAN HYDROCHLORIDE,ABBVIE,TABLET;ORAL,22256,SAVELLA,NDA,20250915_095631,Prescription,Yes,No,25MG,AB,,163701.0,CCN(CC)C(=O)C1(CC1CN)C2=CC=CC=C2.Cl
MILNACIPRAN HYDROCHLORIDE,ABBVIE,TABLET;ORAL,22256,SAVELLA,NDA,20250915_095631,Prescription,Yes,Yes,50MG,AB,,163701.0,CCN(CC)C(=O)C1(CC1CN)C2=CC=CC=C2.Cl
MILNACIPRAN HYDROCHLORIDE,ABBVIE,TABLET;ORAL,22256,SAVELLA,NDA,20250915_095631,Prescription,Yes,No,100MG,AB,,163701.0,CCN(CC)C(=O)C1(CC1CN)C2=CC=CC=C2.Cl
LEUPROLIDE ACETATE,ABBVIE ENDOCRINE INC,INJECTABLE;INJECTION,20708,LUPRON DEPOT,NDA,20250915_095632,Prescription,Yes,Yes,11.25MG,,,657180.0,CCNC(=O)C1CCCN1C(=O)C(CCCN=C(N)N)NC(=O)C(CC(C)C)NC(=O)C(CC(C)C)NC(=O)C(CC2=CC=C(C=C2)O)NC(=O)C(CO)NC(=O)C(CC3=CNC4=CC=CC=C43)NC(=O)C(CC5=CN=CN5)NC(=O)C6CCC(=O)N6.CC(=O)O
TRETINOIN,BAUSCH,GEL;TOPICAL,20475,RETIN-A MICRO,NDA,20250915_095633,Prescription,Yes,Yes,0.1%,,,444795.0,CC1=C(C(CCC1)(C)C)C=CC(=CC=CC(=CC(=O)O)C)C
TRETINOIN,BAUSCH,GEL;TOPICAL,20475,RETIN-A MICRO,NDA,20250915_095633,Prescription,Yes,Yes,0.04%,,,444795.0,CC1=C(C(CCC1)(C)C)C=CC(=CC=CC(=CC(=O)O)C)C
TRETINOIN,BAUSCH,GEL;TOPICAL,20475,RETIN-A-MICRO,NDA,20250915_095633,Prescription,Yes,Yes,0.08%,AB,,444795.0,CC1=C(C(CCC1)(C)C)C=CC(=CC=CC(=CC(=O)O)C)C
TRETINOIN,BAUSCH,GEL;TOPICAL,20475,RETIN-A-MICRO,NDA,20250915_095633,Prescription,Yes,Yes,0.06%,,,444795.0,CC1=C(C(CCC1)(C)C)C=CC(=CC=CC(=CC(=O)O)C)C
LEUPROLIDE ACETATE,ABBVIE ENDOCRINE INC,INJECTABLE;INJECTION,20011,LUPRON DEPOT,NDA,20250915_095634,Discontinued,Yes,No,3.75MG/VIAL **Federal Register determination that product was not discontinued or withdrawn for safety or effectiveness reasons**,,,657180.0,CCNC(=O)C1CCCN1C(=O)C(CCCN=C(N)N)NC(=O)C(CC(C)C)NC(=O)C(CC(C)C)NC(=O)C(CC2=CC=C(C=C2)O)NC(=O)C(CO)NC(=O)C(CC3=CNC4=CC=CC=C43)NC(=O)C(CC5=CN=CN5)NC(=O)C6CCC(=O)N6.CC(=O)O
LEUPROLIDE ACETATE,ABBVIE ENDOCRINE INC,INJECTABLE;INJECTION,20011,LUPRON DEPOT,NDA,20250915_095634,Prescription,Yes,Yes,3.75MG,,,657180.0,CCNC(=O)C1CCCN1C(=O)C(CCCN=C(N)N)NC(=O)C(CC(C)C)NC(=O)C(CC(C)C)NC(=O)C(CC2=CC=C(C=C2)O)NC(=O)C(CO)NC(=O)C(CC3=CNC4=CC=CC=C43)NC(=O)C(CC5=CN=CN5)NC(=O)C6CCC(=O)N6.CC(=O)O
LEUPROLIDE ACETATE,ABBVIE ENDOCRINE INC,INJECTABLE; INJECTION,19943,LUPRON DEPOT,NDA,20250915_095634,Prescription,No,No,3.75MG,,,657180.0,CCNC(=O)C1CCCN1C(=O)C(CCCN=C(N)N)NC(=O)C(CC(C)C)NC(=O)C(CC(C)C)NC(=O)C(CC2=CC=C(C=C2)O)NC(=O)C(CO)NC(=O)C(CC3=CNC4=CC=CC=C43)NC(=O)C(CC5=CN=CN5)NC(=O)C6CCC(=O)N6.CC(=O)O
GEMCITABINE,JANSSEN BIOTECH,SOLUTION;TOPICAL,219683,INLEXZO,NDA,20250915_095636,Prescription,No,No,225MG,,,,
IVERMECTIN,EPIC PHARMA LLC,TABLET;ORAL,218805,IVERMECTIN,ANDA,20250915_095637,Prescription,No,No,3MG,AB,,6321424.0,CCC(C)C1C(CCC2(O1)CC3CC(O2)CC=C(C(C(C=CC=C4COC5C4(C(C=C(C5O)C)C(=O)O3)O)C)OC6CC(C(C(O6)C)OC7CC(C(C(O7)C)O)OC)OC)C)C
LOSARTAN POTASSIUM,APOTEX,TABLET;ORAL,218551,LOSARTAN POTASSIUM,ANDA,20250915_095638,Discontinued,No,No,25MG,,,11751549.0,CCCCC1=NC(=C(N1CC2=CC=C(C=C2)C3=CC=CC=C3C4=NN=N[N-]4)CO)Cl.[K+]
LOSARTAN POTASSIUM,APOTEX,TABLET;ORAL,218551,LOSARTAN POTASSIUM,ANDA,20250915_095638,Discontinued,No,No,50MG,,,11751549.0,CCCCC1=NC(=C(N1CC2=CC=C(C=C2)C3=CC=CC=C3C4=NN=N[N-]4)CO)Cl.[K+]
LOSARTAN POTASSIUM,APOTEX,TABLET;ORAL,218551,LOSARTAN POTASSIUM,ANDA,20250915_095638,Discontinued,No,No,100MG,,,11751549.0,CCCCC1=NC(=C(N1CC2=CC=C(C=C2)C3=CC=CC=C3C4=NN=N[N-]4)CO)Cl.[K+]
LOSARTAN POTASSIUM,MSN,TABLET;ORAL,217396,LOSARTAN POTASSIUM,ANDA,20250915_095639,Prescription,No,No,25MG,AB,,11751549.0,CCCCC1=NC(=C(N1CC2=CC=C(C=C2)C3=CC=CC=C3C4=NN=N[N-]4)CO)Cl.[K+]
LOSARTAN POTASSIUM,MSN,TABLET;ORAL,217396,LOSARTAN POTASSIUM,ANDA,20250915_095639,Prescription,No,No,50MG,AB,,11751549.0,CCCCC1=NC(=C(N1CC2=CC=C(C=C2)C3=CC=CC=C3C4=NN=N[N-]4)CO)Cl.[K+]
LOSARTAN POTASSIUM,MSN,TABLET;ORAL,217396,LOSARTAN POTASSIUM,ANDA,20250915_095639,Prescription,No,No,100MG,AB,,11751549.0,CCCCC1=NC(=C(N1CC2=CC=C(C=C2)C3=CC=CC=C3C4=NN=N[N-]4)CO)Cl.[K+]
BIMATOPROST,THEA PHARMA,GEL;OPHTHALMIC,217307,ZOLYMBUS,NDA,20250915_095640,Prescription,No,No,0.01%,,,,
LOSARTAN POTASSIUM,AUROBINDO PHARMA,TABLET;ORAL,90083,LOSARTAN POTASSIUM,ANDA,20250915_095640,Prescription,No,No,25MG,AB,,11751549.0,CCCCC1=NC(=C(N1CC2=CC=C(C=C2)C3=CC=CC=C3C4=NN=N[N-]4)CO)Cl.[K+]
LOSARTAN POTASSIUM,AUROBINDO PHARMA,TABLET;ORAL,90083,LOSARTAN POTASSIUM,ANDA,20250915_095640,Prescription,No,No,50MG,AB,,11751549.0,CCCCC1=NC(=C(N1CC2=CC=C(C=C2)C3=CC=CC=C3C4=NN=N[N-]4)CO)Cl.[K+]
LOSARTAN POTASSIUM,AUROBINDO PHARMA,TABLET;ORAL,90083,LOSARTAN POTASSIUM,ANDA,20250915_095640,Prescription,No,No,100MG,AB,,11751549.0,CCCCC1=NC(=C(N1CC2=CC=C(C=C2)C3=CC=CC=C3C4=NN=N[N-]4)CO)Cl.[K+]
LOSARTAN POTASSIUM,ZYDUS PHARMS USA INC,TABLET;ORAL,78243,LOSARTAN POTASSIUM,ANDA,20250915_095641,Prescription,No,No,25MG,AB,,11751549.0,CCCCC1=NC(=C(N1CC2=CC=C(C=C2)C3=CC=CC=C3C4=NN=N[N-]4)CO)Cl.[K+]
LOSARTAN POTASSIUM,ZYDUS PHARMS USA INC,TABLET;ORAL,78243,LOSARTAN POTASSIUM,ANDA,20250915_095641,Prescription,No,No,50MG,AB,,11751549.0,CCCCC1=NC(=C(N1CC2=CC=C(C=C2)C3=CC=CC=C3C4=NN=N[N-]4)CO)Cl.[K+]
LOSARTAN POTASSIUM,ZYDUS PHARMS USA INC,TABLET;ORAL,78243,LOSARTAN POTASSIUM,ANDA,20250915_095641,Prescription,No,No,100MG,AB,,11751549.0,CCCCC1=NC(=C(N1CC2=CC=C(C=C2)C3=CC=CC=C3C4=NN=N[N-]4)CO)Cl.[K+]
SODIUM FERRIC GLUCONATE COMPLEX,HIKMA,INJECTABLE;INJECTION,78215,SODIUM FERRIC GLUCONATE COMPLEX IN SUCROSE,ANDA,20250915_095642,Prescription,No,No,EQ 62.5MG IRON/5ML (EQ 12.5MG IRON/ML),AB,,,
ONDANSETRON,GLENMARK PHARMS LTD,"TABLET, ORALLY DISINTEGRATING;ORAL",78152,ONDANSETRON,ANDA,20250915_095643,Prescription,No,No,4MG,AB,,4595.0,CC1=NC=CN1CC2CCC3=C(C2=O)C4=CC=CC=C4N3C
ONDANSETRON,GLENMARK PHARMS LTD,"TABLET, ORALLY DISINTEGRATING;ORAL",78152,ONDANSETRON,ANDA,20250915_095643,Prescription,No,No,8MG,AB,,4595.0,CC1=NC=CN1CC2CCC3=C(C2=O)C4=CC=CC=C4N3C
ONDANSETRON HYDROCHLORIDE,GLENMARK PHARMS LTD,TABLET;ORAL,77535,ONDANSETRON HYDROCHLORIDE,ANDA,20250915_095645,Prescription,No,No,EQ 4MG BASE,AB,,68647.0,CC1=NC=CN1CC2CCC3=C(C2=O)C4=CC=CC=C4N3C.Cl
ONDANSETRON HYDROCHLORIDE,GLENMARK PHARMS LTD,TABLET;ORAL,77535,ONDANSETRON HYDROCHLORIDE,ANDA,20250915_095645,Prescription,No,No,EQ 8MG BASE,AB,,68647.0,CC1=NC=CN1CC2CCC3=C(C2=O)C4=CC=CC=C4N3C.Cl
ONDANSETRON HYDROCHLORIDE,GLENMARK PHARMS LTD,TABLET;ORAL,77535,ONDANSETRON HYDROCHLORIDE,ANDA,20250915_095645,Discontinued,No,No,EQ 24MG BASE,,,68647.0,CC1=NC=CN1CC2CCC3=C(C2=O)C4=CC=CC=C4N3C.Cl
CLINDAMYCIN HYDROCHLORIDE,CHARTWELL MOLECULAR,CAPSULE;ORAL,65243,CLINDAMYCIN HYDROCHLORIDE,ANDA,20250915_095645,Discontinued,No,No,EQ 300MG BASE,,,16051951.0,CCCC1CC(N(C1)C)C(=O)NC(C2C(C(C(C(O2)SC)O)O)O)C(C)Cl.Cl
CLINDAMYCIN HYDROCHLORIDE,CHARTWELL MOLECULAR,CAPSULE;ORAL,65243,CLINDAMYCIN HYDROCHLORIDE,ANDA,20250915_095646,Prescription,No,No,EQ 75MG BASE,AB,,16051951.0,CCCC1CC(N(C1)C)C(=O)NC(C2C(C(C(C(O2)SC)O)O)O)C(C)Cl.Cl
CLINDAMYCIN HYDROCHLORIDE,CHARTWELL MOLECULAR,CAPSULE;ORAL,65243,CLINDAMYCIN HYDROCHLORIDE,ANDA,20250915_095646,Discontinued,No,No,EQ 150MG BASE,,,16051951.0,CCCC1CC(N(C1)C)C(=O)NC(C2C(C(C(C(O2)SC)O)O)O)C(C)Cl.Cl
PROCHLORPERAZINE MALEATE,AUROBINDO PHARMA LTD,TABLET;ORAL,218734,PROCHLORPERAZINE MALEATE,ANDA,20250915_095646,Prescription,No,No,EQ 5MG BASE,AB,,5281032.0,CN1CCN(CC1)CCCN2C3=CC=CC=C3SC4=C2C=C(C=C4)Cl.C(=CC(=O)O)C(=O)O.C(=CC(=O)O)C(=O)O
PROCHLORPERAZINE MALEATE,AUROBINDO PHARMA LTD,TABLET;ORAL,218734,PROCHLORPERAZINE MALEATE,ANDA,20250915_095646,Prescription,No,No,EQ 10MG BASE,AB,,5281032.0,CN1CCN(CC1)CCCN2C3=CC=CC=C3SC4=C2C=C(C=C4)Cl.C(=CC(=O)O)C(=O)O.C(=CC(=O)O)C(=O)O
PHYTONADIONE,ALEMBIC,INJECTABLE;INJECTION,216444,PHYTONADIONE,ANDA,20250915_095647,Prescription,No,No,1MG/0.5ML,AB,,5284607.0,CC1=C(C(=O)C2=CC=CC=C2C1=O)CC=C(C)CCCC(C)CCCC(C)CCCC(C)C
DEFERASIROX,AUROBINDO PHARMA,GRANULE;ORAL,215137,DEFERASIROX,ANDA,20250915_095649,Prescription,No,No,90MG,AB,,214348.0,C1=CC=C(C(=C1)C2=NN(C(=N2)C3=CC=CC=C3O)C4=CC=C(C=C4)C(=O)O)O
DEFERASIROX,AUROBINDO PHARMA,GRANULE;ORAL,215137,DEFERASIROX,ANDA,20250915_095649,Prescription,No,No,180MG,AB,,214348.0,C1=CC=C(C(=C1)C2=NN(C(=N2)C3=CC=CC=C3O)C4=CC=C(C=C4)C(=O)O)O
DEFERASIROX,AUROBINDO PHARMA,GRANULE;ORAL,215137,DEFERASIROX,ANDA,20250915_095649,Prescription,No,No,360MG,AB,,214348.0,C1=CC=C(C(=C1)C2=NN(C(=N2)C3=CC=CC=C3O)C4=CC=C(C=C4)C(=O)O)O
OXCARBAZEPINE,CHARTWELL RX,SUSPENSION;ORAL,212428,OXCARBAZEPINE,ANDA,20250915_095649,Prescription,No,No,300MG/5ML,AB,,34312.0,C1C2=CC=CC=C2N(C3=CC=CC=C3C1=O)C(=O)N
FUROSEMIDE,AVET LIFESCIENCES,INJECTABLE;INJECTION,203428,FUROSEMIDE,ANDA,20250915_095650,Prescription,No,No,10MG/ML,AP,,3440.0,C1=COC(=C1)CNC2=CC(=C(C=C2C(=O)O)S(=O)(=O)N)Cl
DOXYCYCLINE,LUPIN,CAPSULE;ORAL,216631,DOXYCYCLINE,ANDA,20250915_095652,Prescription,No,No,40MG,AB,,54671203.0,CC1C2C(C3C(C(=O)C(=C(C3(C(=O)C2=C(C4=C1C=CC=C4O)O)O)O)C(=O)N)N(C)C)O
DAPAGLIFLOZIN; SAXAGLIPTIN,MSN LABS PVT LTD,TABLET; ORAL,211533,DAPAGLIFLOZIN AND SAXAGLIPTIN,ANDA,20250915_095653,None (Tentative Approval),No,No,10MG/5MG,,,124219523.0,CCOC1=CC=C(C=C1)CC2=C(C=CC(=C2)C3C(C(C(C(O3)CO)O)O)O)Cl.C1C2CC2N(C1C#N)C(=O)C(C34CC5CC(C3)CC(C5)(C4)O)N
GABAPENTIN,STRIDES PHARMA,TABLET;ORAL,211313,GABAPENTIN,ANDA,20250915_095653,Prescription,No,No,600MG,AB1,,3446.0,C1CCC(CC1)(CC(=O)O)CN
GABAPENTIN,STRIDES PHARMA,TABLET;ORAL,211313,GABAPENTIN,ANDA,20250915_095654,Prescription,No,No,800MG,AB1,,3446.0,C1CCC(CC1)(CC(=O)O)CN
GABAPENTIN,STRIDES PHARMA,TABLET;ORAL,211313,GABAPENTIN,ANDA,20250915_095654,Prescription,No,No,100MG,AB1,,3446.0,C1CCC(CC1)(CC(=O)O)CN
GABAPENTIN,STRIDES PHARMA,TABLET;ORAL,211313,GABAPENTIN,ANDA,20250915_095654,Prescription,No,No,400MG,AB1,,3446.0,C1CCC(CC1)(CC(=O)O)CN
MACITENTAN,AUROBINDO PHARMA LTD,TABLET;ORAL,211198,MACITENTAN,ANDA,20250915_095655,Discontinued,No,No,10MG,,,16004692.0,CCCNS(=O)(=O)NC1=C(C(=NC=N1)OCCOC2=NC=C(C=N2)Br)C3=CC=C(C=C3)Br
DOXYCYCLINE,MACLEODS PHARMS LTD,CAPSULE;ORAL,210381,DOXYCYCLINE,ANDA,20250915_095655,Prescription,No,No,40MG,AB,,54671203.0,CC1C2C(C3C(C(=O)C(=C(C3(C(=O)C2=C(C4=C1C=CC=C4O)O)O)O)C(=O)N)N(C)C)O
TEDUGLUTIDE,TAKEDA PHARMS USA,POWDER;SUBCUTANEOUS,203441,GATTEX KIT,NDA,20250915_095657,Prescription,Yes,Yes,5MG/VIAL,,,16139605.0,CCC(C)C(C(=O)NC(C(C)O)C(=O)NC(CC(=O)O)C(=O)O)NC(=O)C(CCCCN)NC(=O)C(C(C)O)NC(=O)C(CCC(=O)N)NC(=O)C(C(C)CC)NC(=O)C(CC(C)C)NC(=O)C(CC1=CNC2=CC=CC=C21)NC(=O)C(CC(=O)N)NC(=O)C(C(C)CC)NC(=O)C(CC3=CC=CC=C3)NC(=O)C(CC(=O)O)NC(=O)C(CCCNC(=N)N)NC(=O)C(C)NC(=O)C(C)NC(=O)C(CC(C)C)NC(=O)C(CC(=O)N)NC(=O)C(CC(=O)O)NC(=O)C(CC(C)C)NC(=O)C(C(C)CC)NC(=O)C(C(C)O)NC(=O)C(CC(=O)N)NC(=O)C(CCSC)NC(=O)C(CCC(=O)O)NC(=O)C(CC(=O)O)NC(=O)C(CO)NC(=O)C(CC4=CC=CC=C4)NC(=O)C(CO)NC(=O)CNC(=O)C(CC(=O)O)NC(=O)CNC(=O)C(CC5=CN=CN5)N
PAZOPANIB HYDROCHLORIDE,TORRENT,TABLET;ORAL,219922,PAZOPANIB HYDROCHLORIDE,ANDA,20250915_095658,Prescription,No,No,EQ 400MG BASE,,,11525740.0,CC1=C(C=C(C=C1)NC2=NC=CC(=N2)N(C)C3=CC4=NN(C(=C4C=C3)C)C)S(=O)(=O)N.Cl
PALIPERIDONE,ESKAYEF,"TABLET, EXTENDED RELEASE;ORAL",218755,PALIPERIDONE,ANDA,20250915_095659,Prescription,No,No,1.5MG,AB,,115237.0,CC1=C(C(=O)N2CCCC(C2=N1)O)CCN3CCC(CC3)C4=NOC5=C4C=CC(=C5)F
PALIPERIDONE,ESKAYEF,"TABLET, EXTENDED RELEASE;ORAL",218755,PALIPERIDONE,ANDA,20250915_095659,Prescription,No,No,3MG,AB,,115237.0,CC1=C(C(=O)N2CCCC(C2=N1)O)CCN3CCC(CC3)C4=NOC5=C4C=CC(=C5)F
PALIPERIDONE,ESKAYEF,"TABLET, EXTENDED RELEASE;ORAL",218755,PALIPERIDONE,ANDA,20250915_095659,Prescription,No,No,6MG,AB,,115237.0,CC1=C(C(=O)N2CCCC(C2=N1)O)CCN3CCC(CC3)C4=NOC5=C4C=CC(=C5)F
PALIPERIDONE,ESKAYEF,"TABLET, EXTENDED RELEASE;ORAL",218755,PALIPERIDONE,ANDA,20250915_095659,Prescription,No,No,9MG,AB,,115237.0,CC1=C(C(=O)N2CCCC(C2=N1)O)CCN3CCC(CC3)C4=NOC5=C4C=CC(=C5)F
TACROLIMUS,CHENGDU,"CAPSULE, EXTENDED RELEASE;ORAL",215012,TACROLIMUS,ANDA,20250915_095659,Prescription,No,No,EQ 0.5MG BASE,AB,,445643.0,CC1CC(C2C(CC(C(O2)(C(=O)C(=O)N3CCCCC3C(=O)OC(C(C(CC(=O)C(C=C(C1)C)CC=C)O)C)C(=CC4CCC(C(C4)OC)O)C)O)C)OC)OC
TACROLIMUS,CHENGDU,"CAPSULE, EXTENDED RELEASE;ORAL",215012,TACROLIMUS,ANDA,20250915_095659,Prescription,No,No,EQ 1MG BASE,AB,,445643.0,CC1CC(C2C(CC(C(O2)(C(=O)C(=O)N3CCCCC3C(=O)OC(C(C(CC(=O)C(C=C(C1)C)CC=C)O)C)C(=CC4CCC(C(C4)OC)O)C)O)C)OC)OC
TACROLIMUS,CHENGDU,"CAPSULE, EXTENDED RELEASE;ORAL",215012,TACROLIMUS,ANDA,20250915_095659,Prescription,No,No,EQ 5MG BASE,AB,,445643.0,CC1CC(C2C(CC(C(O2)(C(=O)C(=O)N3CCCCC3C(=O)OC(C(C(CC(=O)C(C=C(C1)C)CC=C)O)C)C(=CC4CCC(C(C4)OC)O)C)O)C)OC)OC
MELPHALAN HYDROCHLORIDE,DELCATH SYSTEMS INC,POWDER;INTRA-ARTERIAL,201848,HEPZATO,NDA,20250915_095700,Prescription,Yes,Yes,EQ 50MG BASE/VIAL,,,9927978.0,C1=CC(=CC=C1CC(C(=O)O)N)N(CCCl)CCCl.Cl
SELEGILINE HYDROCHLORIDE,CHARTWELL MOLECULES,TABLET;ORAL,74565,SELEGILINE HYDROCHLORIDE,ANDA,20250915_095701,Discontinued,No,No,5MG,,,26758.0,CC(CC1=CC=CC=C1)N(C)CC#C.Cl
VIGABATRIN,PYROS PHARMS,SOLUTION;ORAL,217684,VIGAFYDE,NDA,20250915_095704,Prescription,Yes,Yes,100MG/ML,,,5665.0,C=CC(CCC(=O)O)N
ZIPRASIDONE MESYLATE,STERISCIENCE,POWDER;INTRAMUSCULAR,217595,ZIPRASIDONE MESYLATE,ANDA,20250915_095705,Prescription,No,No,EQ 20MG BASE/VIAL,AP,,656685.0,CS(=O)(=O)O.C1CN(CCN1CCC2=C(C=C3C(=C2)CC(=O)N3)Cl)C4=NSC5=CC=CC=C54.O.O.O
SAPROPTERIN DIHYDROCHLORIDE,HOPEWELL PHARMA,POWDER;ORAL,216432,SAPROPTERIN DIHYDROCHLORIDE,ANDA,20250915_095706,Prescription,No,No,100MG/PACKET,AB,,135409471.0,CC(C(C1CNC2=C(N1)C(=O)NC(=N2)N)O)O.Cl.Cl
SAPROPTERIN DIHYDROCHLORIDE,HOPEWELL PHARMA,POWDER;ORAL,216432,SAPROPTERIN DIHYDROCHLORIDE,ANDA,20250915_095706,Prescription,No,No,500MG/PACKET,AB,,135409471.0,CC(C(C1CNC2=C(N1)C(=O)NC(=N2)N)O)O.Cl.Cl
QUETIAPINE FUMARATE,AMNEAL PHARMS,"TABLET, EXTENDED RELEASE;ORAL",211405,QUETIAPINE FUMARATE,ANDA,20250915_095708,Discontinued,No,No,EQ 400MG BASE,,,5281025.0,C1CN(CCN1CCOCCO)C2=NC3=CC=CC=C3SC4=CC=CC=C42.C1CN(CCN1CCOCCO)C2=NC3=CC=CC=C3SC4=CC=CC=C42.C(=CC(=O)O)C(=O)O
OLANZAPINE,EUGIA PHARMA,INJECTABLE;INTRAMUSCULAR,210968,OLANZAPINE,ANDA,20250915_095708,Prescription,No,No,10MG/VIAL,AP,,135398745.0,CC1=CC2=C(S1)NC3=CC=CC=C3N=C2N4CCN(CC4)C
TRAMADOL HYDROCHLORIDE,RUBICON RESEARCH,TABLET;ORAL,208708,TRAMADOL HYDROCHLORIDE,ANDA,20250915_095709,Prescription,No,No,50MG,AB,,63013.0,CN(C)CC1CCCCC1(C2=CC(=CC=C2)OC)O.Cl
TRAMADOL HYDROCHLORIDE,RUBICON RESEARCH,TABLET;ORAL,208708,TRAMADOL HYDROCHLORIDE,ANDA,20250915_095709,Prescription,No,Yes,100MG,AB,,63013.0,CN(C)CC1CCCCC1(C2=CC(=CC=C2)OC)O.Cl
TRAMADOL HYDROCHLORIDE,RUBICON RESEARCH,TABLET;ORAL,208708,TRAMADOL HYDROCHLORIDE,ANDA,20250915_095709,Prescription,No,No,25MG,,,63013.0,CN(C)CC1CCCCC1(C2=CC(=CC=C2)OC)O.Cl
TRAMADOL HYDROCHLORIDE,RUBICON RESEARCH,TABLET;ORAL,208708,TRAMADOL HYDROCHLORIDE,ANDA,20250915_095709,Prescription,No,No,75MG,,,63013.0,CN(C)CC1CCCCC1(C2=CC(=CC=C2)OC)O.Cl
IMIQUIMOD,TARO,CREAM;TOPICAL,205971,IMIQUIMOD,ANDA,20250915_095710,Prescription,No,No,3.75%,AB,,57469.0,CC(C)CN1C=NC2=C1C3=CC=CC=C3N=C2N
LACOSAMIDE,SCIEGEN PHARMS INC,TABLET;ORAL,205237,LACOSAMIDE,ANDA,20250915_095711,Prescription,No,No,50MG,AB,,219078.0,CC(=O)NC(COC)C(=O)NCC1=CC=CC=C1
LACOSAMIDE,SCIEGEN PHARMS INC,TABLET;ORAL,205237,LACOSAMIDE,ANDA,20250915_095711,Prescription,No,No,100MG,AB,,219078.0,CC(=O)NC(COC)C(=O)NCC1=CC=CC=C1
LACOSAMIDE,SCIEGEN PHARMS INC,TABLET;ORAL,205237,LACOSAMIDE,ANDA,20250915_095711,Prescription,No,No,150MG,AB,,219078.0,CC(=O)NC(COC)C(=O)NCC1=CC=CC=C1
LACOSAMIDE,SCIEGEN PHARMS INC,TABLET;ORAL,205237,LACOSAMIDE,ANDA,20250915_095711,Prescription,No,No,200MG,AB,,219078.0,CC(=O)NC(COC)C(=O)NCC1=CC=CC=C1
PALIPERIDONE,AMNEAL PHARMS,"TABLET, EXTENDED RELEASE;ORAL",204707,PALIPERIDONE,ANDA,20250915_095711,Prescription,No,No,1.5MG,AB,,115237.0,CC1=C(C(=O)N2CCCC(C2=N1)O)CCN3CCC(CC3)C4=NOC5=C4C=CC(=C5)F
PALIPERIDONE,AMNEAL PHARMS,"TABLET, EXTENDED RELEASE;ORAL",204707,PALIPERIDONE,ANDA,20250915_095711,Prescription,No,No,3MG,AB,,115237.0,CC1=C(C(=O)N2CCCC(C2=N1)O)CCN3CCC(CC3)C4=NOC5=C4C=CC(=C5)F
PALIPERIDONE,AMNEAL PHARMS,"TABLET, EXTENDED RELEASE;ORAL",204707,PALIPERIDONE,ANDA,20250915_095711,Prescription,No,No,6MG,AB,,115237.0,CC1=C(C(=O)N2CCCC(C2=N1)O)CCN3CCC(CC3)C4=NOC5=C4C=CC(=C5)F
PALIPERIDONE,AMNEAL PHARMS,"TABLET, EXTENDED RELEASE;ORAL",204707,PALIPERIDONE,ANDA,20250915_095711,Prescription,No,No,9MG,AB,,115237.0,CC1=C(C(=O)N2CCCC(C2=N1)O)CCN3CCC(CC3)C4=NOC5=C4C=CC(=C5)F
LAMOTRIGINE,IPCA LABS,TABLET;ORAL,204499,LAMOTRIGINE,ANDA,20250915_095712,Prescription,No,No,25MG,AB,,3878.0,C1=CC(=C(C(=C1)Cl)Cl)C2=C(N=C(N=N2)N)N
LAMOTRIGINE,IPCA LABS,TABLET;ORAL,204499,LAMOTRIGINE,ANDA,20250915_095712,Prescription,No,No,100MG,AB,,3878.0,C1=CC(=C(C(=C1)Cl)Cl)C2=C(N=C(N=N2)N)N
LAMOTRIGINE,IPCA LABS,TABLET;ORAL,204499,LAMOTRIGINE,ANDA,20250915_095712,Prescription,No,No,150MG,AB,,3878.0,C1=CC(=C(C(=C1)Cl)Cl)C2=C(N=C(N=N2)N)N
LAMOTRIGINE,IPCA LABS,TABLET;ORAL,204499,LAMOTRIGINE,ANDA,20250915_095712,Prescription,No,No,200MG,AB,,3878.0,C1=CC(=C(C(=C1)Cl)Cl)C2=C(N=C(N=N2)N)N
FLUOCINOLONE ACETONIDE,PADAGIS ISRAEL,OIL;TOPICAL,202847,FLUOCINOLONE ACETONIDE,ANDA,20250915_095715,Prescription,No,No,0.01%,AT,,6215.0,CC1(OC2CC3C4CC(C5=CC(=O)C=CC5(C4(C(CC3(C2(O1)C(=O)CO)C)O)F)C)F)C
DORZOLAMIDE HYDROCHLORIDE; TIMOLOL MALEATE,CHARTWELL MOLECULAR,SOLUTION/DROPS;OPHTHALMIC,201998,DORZOLAMIDE HYDROCHLORIDE AND TIMOLOL MALEATE,ANDA,20250915_095716,Discontinued,No,No,EQ 2% BASE;EQ 0.5% BASE,,,56841571.0,CCNC1CC(S(=O)(=O)C2=C1C=C(S2)S(=O)(=O)N)C.CC(C)(C)NCC(COC1=NSN=C1N2CCOCC2)O
FLUOCINOLONE ACETONIDE,AMNEAL,OIL;TOPICAL,201764,FLUOCINOLONE ACETONIDE,ANDA,20250915_095717,Discontinued,No,No,0.01%,,,6215.0,CC1(OC2CC3C4CC(C5=CC(=O)C=CC5(C4(C(CC3(C2(O1)C(=O)CO)C)O)F)C)F)C
METOPROLOL TARTRATE,RENATA,TABLET;ORAL,74453,METOPROLOL TARTRATE,ANDA,20250915_095721,Prescription,No,No,50MG,AB,,441308.0,CC(C)NCC(COC1=CC=C(C=C1)CCOC)O.CC(C)NCC(COC1=CC=C(C=C1)CCOC)O.C(C(C(=O)O)O)(C(=O)O)O
METOPROLOL TARTRATE,RENATA,TABLET;ORAL,74453,METOPROLOL TARTRATE,ANDA,20250915_095721,Prescription,No,No,100MG,AB,,441308.0,CC(C)NCC(COC1=CC=C(C=C1)CCOC)O.CC(C)NCC(COC1=CC=C(C=C1)CCOC)O.C(C(C(=O)O)O)(C(=O)O)O
TOPIRAMATE,AJANTA PHARMA LTD,"CAPSULE, EXTENDED RELEASE;ORAL",219564,TOPIRAMATE,ANDA,20250915_095723,Prescription,No,No,25MG,AB2,,5284627.0,CC1(OC2COC3(C(C2O1)OC(O3)(C)C)COS(=O)(=O)N)C
TOPIRAMATE,AJANTA PHARMA LTD,"CAPSULE, EXTENDED RELEASE;ORAL",219564,TOPIRAMATE,ANDA,20250915_095723,Prescription,No,No,50MG,AB2,,5284627.0,CC1(OC2COC3(C(C2O1)OC(O3)(C)C)COS(=O)(=O)N)C
TOPIRAMATE,AJANTA PHARMA LTD,"CAPSULE, EXTENDED RELEASE;ORAL",219564,TOPIRAMATE,ANDA,20250915_095723,Prescription,No,No,100MG,AB2,,5284627.0,CC1(OC2COC3(C(C2O1)OC(O3)(C)C)COS(=O)(=O)N)C
TOPIRAMATE,AJANTA PHARMA LTD,"CAPSULE, EXTENDED RELEASE;ORAL",219564,TOPIRAMATE,ANDA,20250915_095723,Prescription,No,No,150MG,AB2,,5284627.0,CC1(OC2COC3(C(C2O1)OC(O3)(C)C)COS(=O)(=O)N)C
TOPIRAMATE,AJANTA PHARMA LTD,"CAPSULE, EXTENDED RELEASE;ORAL",219564,TOPIRAMATE,ANDA,20250915_095723,Prescription,No,No,200MG,AB2,,5284627.0,CC1(OC2COC3(C(C2O1)OC(O3)(C)C)COS(=O)(=O)N)C
TASIMELTEON,MSN LABORATORIES PRIVATE LTD,SUSPENSION,219541,TASIMELTEON,ANDA,20250915_095724,None (Tentative Approval),No,No,4MG/1ML,,,10220503.0,CCC(=O)NCC1CC1C2=C3CCOC3=CC=C2
MILRINONE LACTATE,CAPLIN,INJECTABLE;INJECTION,219170,MILRINONE LACTATE IN DEXTROSE 5%,ANDA,20250915_095725,Prescription,No,No,EQ 20MG BASE/100ML (EQ 0.2MG BASE/ML),AP,,,
MILRINONE LACTATE,CAPLIN,INJECTABLE;INJECTION,219170,MILRINONE LACTATE IN DEXTROSE 5%,ANDA,20250915_095725,Prescription,No,No,EQ 40MG BASE/200ML (EQ 0.2MG BASE/ML),AP,,,
PITOLISANT,ANNORA PHARMA PRIVATE LIMITED,TABLET,218832,PITOLISANT,ANDA,20250915_095726,None (Tentative Approval),No,No,4.45MG,,,9948102.0,C1CCN(CC1)CCCOCCCC2=CC=C(C=C2)Cl
PITOLISANT,ANNORA PHARMA PRIVATE LIMITED,TABLET,218832,PITOLISANT,ANDA,20250915_095726,None (Tentative Approval),No,No,17.8MG,,,9948102.0,C1CCN(CC1)CCCOCCCC2=CC=C(C=C2)Cl
RISPERIDONE,AMNEAL,INJECTABLE;INTRAMUSCULAR,218586,RISPERIDONE,ANDA,20250915_095727,Prescription,No,No,12.5MG/VIAL,AB,,5073.0,CC1=C(C(=O)N2CCCCC2=N1)CCN3CCC(CC3)C4=NOC5=C4C=CC(=C5)F
RISPERIDONE,AMNEAL,INJECTABLE;INTRAMUSCULAR,218586,RISPERIDONE,ANDA,20250915_095727,Prescription,No,No,25MG/VIAL,AB,,5073.0,CC1=C(C(=O)N2CCCCC2=N1)CCN3CCC(CC3)C4=NOC5=C4C=CC(=C5)F
RISPERIDONE,AMNEAL,INJECTABLE;INTRAMUSCULAR,218586,RISPERIDONE,ANDA,20250915_095727,Prescription,No,No,37.5MG/VIAL,AB,,5073.0,CC1=C(C(=O)N2CCCCC2=N1)CCN3CCC(CC3)C4=NOC5=C4C=CC(=C5)F
RISPERIDONE,AMNEAL,INJECTABLE;INTRAMUSCULAR,218586,RISPERIDONE,ANDA,20250915_095727,Prescription,No,No,50MG/VIAL,AB,,5073.0,CC1=C(C(=O)N2CCCCC2=N1)CCN3CCC(CC3)C4=NOC5=C4C=CC(=C5)F
RISPERIDONE,NANOMI,INJECTABLE;INTRAMUSCULAR,211220,RISPERIDONE,ANDA,20250915_095728,Prescription,No,No,25MG/VIAL,AB,,5073.0,CC1=C(C(=O)N2CCCCC2=N1)CCN3CCC(CC3)C4=NOC5=C4C=CC(=C5)F
RISPERIDONE,NANOMI,INJECTABLE;INTRAMUSCULAR,211220,RISPERIDONE,ANDA,20250915_095728,Prescription,No,No,37.5MG/VIAL,AB,,5073.0,CC1=C(C(=O)N2CCCCC2=N1)CCN3CCC(CC3)C4=NOC5=C4C=CC(=C5)F
RISPERIDONE,NANOMI,INJECTABLE;INTRAMUSCULAR,211220,RISPERIDONE,ANDA,20250915_095728,Prescription,No,No,50MG/VIAL,AB,,5073.0,CC1=C(C(=O)N2CCCCC2=N1)CCN3CCC(CC3)C4=NOC5=C4C=CC(=C5)F
VENLAFAXINE HYDROCHLORIDE,SUN PHARM,"TABLET, EXTENDED RELEASE;ORAL",91272,VENLAFAXINE HYDROCHLORIDE,ANDA,20250915_095729,Discontinued,No,No,EQ 37.5MG BASE,,,62923.0,CN(C)CC(C1=CC=C(C=C1)OC)C2(CCCCC2)O.Cl
VENLAFAXINE HYDROCHLORIDE,SUN PHARM,"TABLET, EXTENDED RELEASE;ORAL",91272,VENLAFAXINE HYDROCHLORIDE,ANDA,20250915_095729,Discontinued,No,No,EQ 75MG BASE,,,62923.0,CN(C)CC(C1=CC=C(C=C1)OC)C2(CCCCC2)O.Cl
VENLAFAXINE HYDROCHLORIDE,SUN PHARM,"TABLET, EXTENDED RELEASE;ORAL",91272,VENLAFAXINE HYDROCHLORIDE,ANDA,20250915_095729,Discontinued,No,No,EQ 150MG BASE,,,62923.0,CN(C)CC(C1=CC=C(C=C1)OC)C2(CCCCC2)O.Cl
VENLAFAXINE HYDROCHLORIDE,SUN PHARM,"TABLET, EXTENDED RELEASE;ORAL",91272,VENLAFAXINE HYDROCHLORIDE,ANDA,20250915_095729,Discontinued,No,No,EQ 225MG BASE,,,62923.0,CN(C)CC(C1=CC=C(C=C1)OC)C2(CCCCC2)O.Cl
DIVALPROEX SODIUM,MYLAN,"TABLET, EXTENDED RELEASE;ORAL",77567,DIVALPROEX SODIUM,ANDA,20250915_095731,Prescription,No,No,EQ 250MG VALPROIC ACID,AB,,23663956.0,CCCC(CCC)C(=O)O.CCCC(CCC)C(=O)[O-].[Na+]
DIVALPROEX SODIUM,MYLAN,"TABLET, EXTENDED RELEASE;ORAL",77567,DIVALPROEX SODIUM,ANDA,20250915_095731,Prescription,No,No,EQ 500MG VALPROIC ACID,AB,,23663956.0,CCCC(CCC)C(=O)O.CCCC(CCC)C(=O)[O-].[Na+]
AMPICILLIN/AMPICILLIN TRIHYDRATE,SANDOZ,CAPSULE;ORAL,64082,AMPICILLIN TRIHYDRATE,ANDA,20250915_095732,Discontinued,No,No,EQ 250MG BASE,,,23565.0,CC1(C(N2C(S1)C(C2=O)NC(=O)C(C3=CC=CC=C3)N)C(=O)O)C.O.O.O
AMPICILLIN/AMPICILLIN TRIHYDRATE,SANDOZ,CAPSULE;ORAL,64082,AMPICILLIN TRIHYDRATE,ANDA,20250915_095732,Prescription,No,Yes,EQ 500MG BASE,AB,,23565.0,CC1(C(N2C(S1)C(C2=O)NC(=O)C(C3=CC=CC=C3)N)C(=O)O)C.O.O.O
EXENATIDE SYNTHETIC,ASTRAZENECA AB,INJECTABLE;SUBCUTANEOUS,21773,BYETTA,NDA,20250915_095733,Discontinued,Yes,No,300MCG/1.2ML (250MCG/ML),,,45588096.0,CCC(C)C(C(=O)NC(CCC(=O)O)C(=O)NC(CC1=CNC2=CC=CC=C21)C(=O)NC(CC(C)C)C(=O)NC(CCCCN)C(=O)NC(CC(=O)N)C(=O)NCC(=O)NCC(=O)N3CCCC3C(=O)NC(CO)C(=O)NC(CO)C(=O)NCC(=O)NC(C)C(=O)N4CCCC4C(=O)N5CCCC5C(=O)N6CCCC6C(=O)NC(CO)C(=O)N)NC(=O)C(CC7=CC=CC=C7)NC(=O)C(CC(C)C)NC(=O)C(CCCNC(=N)N)NC(=O)C(C(C)C)NC(=O)C(C)NC(=O)C(CCC(=O)O)NC(=O)C(CCC(=O)O)NC(=O)C(CCC(=O)O)NC(=O)C(CCSC)NC(=O)C(CCC(=O)N)NC(=O)C(CCCCN)NC(=O)C(CO)NC(=O)C(CC(C)C)NC(=O)C(CC(=O)O)NC(=O)C(CO)NC(=O)C(C(C)O)NC(=O)C(CC8=CC=CC=C8)NC(=O)C(C(C)O)NC(=O)CNC(=O)C(CCC(=O)O)NC(=O)CNC(=O)C(CC9=CNC=N9)N
EXENATIDE SYNTHETIC,ASTRAZENECA AB,INJECTABLE;SUBCUTANEOUS,21773,BYETTA,NDA,20250915_095733,Discontinued,Yes,No,600MCG/2.4ML (250MCG/ML),,,45588096.0,CCC(C)C(C(=O)NC(CCC(=O)O)C(=O)NC(CC1=CNC2=CC=CC=C21)C(=O)NC(CC(C)C)C(=O)NC(CCCCN)C(=O)NC(CC(=O)N)C(=O)NCC(=O)NCC(=O)N3CCCC3C(=O)NC(CO)C(=O)NC(CO)C(=O)NCC(=O)NC(C)C(=O)N4CCCC4C(=O)N5CCCC5C(=O)N6CCCC6C(=O)NC(CO)C(=O)N)NC(=O)C(CC7=CC=CC=C7)NC(=O)C(CC(C)C)NC(=O)C(CCCNC(=N)N)NC(=O)C(C(C)C)NC(=O)C(C)NC(=O)C(CCC(=O)O)NC(=O)C(CCC(=O)O)NC(=O)C(CCC(=O)O)NC(=O)C(CCSC)NC(=O)C(CCC(=O)N)NC(=O)C(CCCCN)NC(=O)C(CO)NC(=O)C(CC(C)C)NC(=O)C(CC(=O)O)NC(=O)C(CO)NC(=O)C(C(C)O)NC(=O)C(CC8=CC=CC=C8)NC(=O)C(C(C)O)NC(=O)CNC(=O)C(CCC(=O)O)NC(=O)CNC(=O)C(CC9=CNC=N9)N
