active_ingredients,company,dosage_from_route,drug_application_no,drug_name,drug_type,last_updated,marketing_status,rld,rs,strength,te_code,website_info_urls
GALLIUM GA-68 GOZETOTIDE,TELIX,POWDER;INTRAVENOUS,214032,ILLUCCIX,NDA,20250915_095622,Prescription,Yes,Yes,N/A,,
RILUZOLE,ITALFARMACO SA,SUSPENSION;ORAL,209080,TIGLUTIK KIT,NDA,20250915_095624,Prescription,Yes,Yes,50MG/10ML,AB,
RILUZOLE,COVIS,TABLET;ORAL,020599,RILUTEK,NDA,20250915_095625,Discontinued,Yes,No,50MG,,
POTASSIUM CHLORIDE,MACLEODS PHARMS LTD,SOLUTION;ORAL,218733,POTASSIUM CHLORIDE,ANDA,20250915_095626,Prescription,No,No,20MEQ/15ML,AA,
POTASSIUM CHLORIDE,MACLEODS PHARMS LTD,SOLUTION;ORAL,218733,POTASSIUM CHLORIDE,ANDA,20250915_095626,Prescription,No,No,40MEQ/15ML,AA,
SELUMETINIB SULFATE,ASTRAZENECA,CAPSULE;ORAL,213756,KOSELUGO,NDA,20250915_095628,Prescription,Yes,No,EQ 10MG BASE,,
SELUMETINIB SULFATE,ASTRAZENECA,CAPSULE;ORAL,213756,KOSELUGO,NDA,20250915_095628,Prescription,Yes,Yes,EQ 25MG BASE,,
CABOZANTINIB S-MALATE,EXELIXIS INC,TABLET;ORAL,208692,CABOMETYX,NDA,20250915_095629,Prescription,Yes,No,EQ 20MG BASE,,
CABOZANTINIB S-MALATE,EXELIXIS INC,TABLET;ORAL,208692,CABOMETYX,NDA,20250915_095629,Prescription,Yes,No,EQ 40MG BASE,,
CABOZANTINIB S-MALATE,EXELIXIS INC,TABLET;ORAL,208692,CABOMETYX,NDA,20250915_095629,Prescription,Yes,Yes,EQ 60MG BASE,,
SODIUM OXYBATE,AMNEAL,SOLUTION;ORAL,203631,SODIUM OXYBATE,ANDA,20250915_095630,Prescription,No,No,0.5GM/ML,AA,
MEFENAMIC ACID,LUPIN LTD,CAPSULE;ORAL,091322,MEFENAMIC ACID,ANDA,20250915_095630,Prescription,No,No,250MG,AB,
MILNACIPRAN HYDROCHLORIDE,ABBVIE,TABLET;ORAL,022256,SAVELLA,NDA,20250915_095631,Prescription,Yes,No,12.5MG,AB,
MILNACIPRAN HYDROCHLORIDE,ABBVIE,TABLET;ORAL,022256,SAVELLA,NDA,20250915_095631,Prescription,Yes,No,25MG,AB,
MILNACIPRAN HYDROCHLORIDE,ABBVIE,TABLET;ORAL,022256,SAVELLA,NDA,20250915_095631,Prescription,Yes,Yes,50MG,AB,
MILNACIPRAN HYDROCHLORIDE,ABBVIE,TABLET;ORAL,022256,SAVELLA,NDA,20250915_095631,Prescription,Yes,No,100MG,AB,
LEUPROLIDE ACETATE,ABBVIE ENDOCRINE INC,INJECTABLE;INJECTION,020708,LUPRON DEPOT,NDA,20250915_095632,Prescription,Yes,Yes,11.25MG,,
TRETINOIN,BAUSCH,GEL;TOPICAL,020475,RETIN-A MICRO,NDA,20250915_095633,Prescription,Yes,Yes,0.1%,,
TRETINOIN,BAUSCH,GEL;TOPICAL,020475,RETIN-A MICRO,NDA,20250915_095633,Prescription,Yes,Yes,0.04%,,
TRETINOIN,BAUSCH,GEL;TOPICAL,020475,RETIN-A-MICRO,NDA,20250915_095633,Prescription,Yes,Yes,0.08%,AB,
TRETINOIN,BAUSCH,GEL;TOPICAL,020475,RETIN-A-MICRO,NDA,20250915_095633,Prescription,Yes,Yes,0.06%,,
LEUPROLIDE ACETATE,ABBVIE ENDOCRINE INC,INJECTABLE;INJECTION,020011,LUPRON DEPOT,NDA,20250915_095634,Discontinued,Yes,No,3.75MG/VIAL **Federal Register determination that product was not discontinued or withdrawn for safety or effectiveness reasons**,,
LEUPROLIDE ACETATE,ABBVIE ENDOCRINE INC,INJECTABLE;INJECTION,020011,LUPRON DEPOT,NDA,20250915_095634,Prescription,Yes,Yes,3.75MG,,
LEUPROLIDE ACETATE,ABBVIE ENDOCRINE INC,INJECTABLE; INJECTION,019943,LUPRON DEPOT,NDA,20250915_095634,Prescription,No,No,3.75MG,,
GEMCITABINE,JANSSEN BIOTECH,SOLUTION;TOPICAL,219683,INLEXZO,NDA,20250915_095636,Prescription,No,No,225MG,,
IVERMECTIN,EPIC PHARMA LLC,TABLET;ORAL,218805,IVERMECTIN,ANDA,20250915_095637,Prescription,No,No,3MG,AB,
LOSARTAN POTASSIUM,APOTEX,TABLET;ORAL,218551,LOSARTAN POTASSIUM,ANDA,20250915_095638,Discontinued,No,No,25MG,,
LOSARTAN POTASSIUM,APOTEX,TABLET;ORAL,218551,LOSARTAN POTASSIUM,ANDA,20250915_095638,Discontinued,No,No,50MG,,
LOSARTAN POTASSIUM,APOTEX,TABLET;ORAL,218551,LOSARTAN POTASSIUM,ANDA,20250915_095638,Discontinued,No,No,100MG,,
LOSARTAN POTASSIUM,MSN,TABLET;ORAL,217396,LOSARTAN POTASSIUM,ANDA,20250915_095639,Prescription,No,No,25MG,AB,
LOSARTAN POTASSIUM,MSN,TABLET;ORAL,217396,LOSARTAN POTASSIUM,ANDA,20250915_095639,Prescription,No,No,50MG,AB,
LOSARTAN POTASSIUM,MSN,TABLET;ORAL,217396,LOSARTAN POTASSIUM,ANDA,20250915_095639,Prescription,No,No,100MG,AB,
BIMATOPROST,THEA PHARMA,GEL;OPHTHALMIC,217307,ZOLYMBUS,NDA,20250915_095640,Prescription,No,No,0.01%,,
LOSARTAN POTASSIUM,AUROBINDO PHARMA,TABLET;ORAL,090083,LOSARTAN POTASSIUM,ANDA,20250915_095640,Prescription,No,No,25MG,AB,
LOSARTAN POTASSIUM,AUROBINDO PHARMA,TABLET;ORAL,090083,LOSARTAN POTASSIUM,ANDA,20250915_095640,Prescription,No,No,50MG,AB,
LOSARTAN POTASSIUM,AUROBINDO PHARMA,TABLET;ORAL,090083,LOSARTAN POTASSIUM,ANDA,20250915_095640,Prescription,No,No,100MG,AB,
LOSARTAN POTASSIUM,ZYDUS PHARMS USA INC,TABLET;ORAL,078243,LOSARTAN POTASSIUM,ANDA,20250915_095641,Prescription,No,No,25MG,AB,
LOSARTAN POTASSIUM,ZYDUS PHARMS USA INC,TABLET;ORAL,078243,LOSARTAN POTASSIUM,ANDA,20250915_095641,Prescription,No,No,50MG,AB,
LOSARTAN POTASSIUM,ZYDUS PHARMS USA INC,TABLET;ORAL,078243,LOSARTAN POTASSIUM,ANDA,20250915_095641,Prescription,No,No,100MG,AB,
SODIUM FERRIC GLUCONATE COMPLEX,HIKMA,INJECTABLE;INJECTION,078215,SODIUM FERRIC GLUCONATE COMPLEX IN SUCROSE,ANDA,20250915_095642,Prescription,No,No,EQ 62.5MG IRON/5ML (EQ 12.5MG IRON/ML),AB,
ONDANSETRON,GLENMARK PHARMS LTD,"TABLET, ORALLY DISINTEGRATING;ORAL",078152,ONDANSETRON,ANDA,20250915_095643,Prescription,No,No,4MG,AB,
ONDANSETRON,GLENMARK PHARMS LTD,"TABLET, ORALLY DISINTEGRATING;ORAL",078152,ONDANSETRON,ANDA,20250915_095643,Prescription,No,No,8MG,AB,
ONDANSETRON HYDROCHLORIDE,GLENMARK PHARMS LTD,TABLET;ORAL,077535,ONDANSETRON HYDROCHLORIDE,ANDA,20250915_095645,Prescription,No,No,EQ 4MG BASE,AB,
ONDANSETRON HYDROCHLORIDE,GLENMARK PHARMS LTD,TABLET;ORAL,077535,ONDANSETRON HYDROCHLORIDE,ANDA,20250915_095645,Prescription,No,No,EQ 8MG BASE,AB,
ONDANSETRON HYDROCHLORIDE,GLENMARK PHARMS LTD,TABLET;ORAL,077535,ONDANSETRON HYDROCHLORIDE,ANDA,20250915_095645,Discontinued,No,No,EQ 24MG BASE,,
CLINDAMYCIN HYDROCHLORIDE,CHARTWELL MOLECULAR,CAPSULE;ORAL,065243,CLINDAMYCIN HYDROCHLORIDE,ANDA,20250915_095645,Discontinued,No,No,EQ 300MG BASE,,
CLINDAMYCIN HYDROCHLORIDE,CHARTWELL MOLECULAR,CAPSULE;ORAL,065243,CLINDAMYCIN HYDROCHLORIDE,ANDA,20250915_095646,Prescription,No,No,EQ 75MG BASE,AB,
CLINDAMYCIN HYDROCHLORIDE,CHARTWELL MOLECULAR,CAPSULE;ORAL,065243,CLINDAMYCIN HYDROCHLORIDE,ANDA,20250915_095646,Discontinued,No,No,EQ 150MG BASE,,
PROCHLORPERAZINE MALEATE,AUROBINDO PHARMA LTD,TABLET;ORAL,218734,PROCHLORPERAZINE MALEATE,ANDA,20250915_095646,Prescription,No,No,EQ 5MG BASE,AB,
PROCHLORPERAZINE MALEATE,AUROBINDO PHARMA LTD,TABLET;ORAL,218734,PROCHLORPERAZINE MALEATE,ANDA,20250915_095646,Prescription,No,No,EQ 10MG BASE,AB,
PHYTONADIONE,ALEMBIC,INJECTABLE;INJECTION,216444,PHYTONADIONE,ANDA,20250915_095647,Prescription,No,No,1MG/0.5ML,AB,
DEFERASIROX,AUROBINDO PHARMA,GRANULE;ORAL,215137,DEFERASIROX,ANDA,20250915_095649,Prescription,No,No,90MG,AB,
DEFERASIROX,AUROBINDO PHARMA,GRANULE;ORAL,215137,DEFERASIROX,ANDA,20250915_095649,Prescription,No,No,180MG,AB,
DEFERASIROX,AUROBINDO PHARMA,GRANULE;ORAL,215137,DEFERASIROX,ANDA,20250915_095649,Prescription,No,No,360MG,AB,
OXCARBAZEPINE,CHARTWELL RX,SUSPENSION;ORAL,212428,OXCARBAZEPINE,ANDA,20250915_095649,Prescription,No,No,300MG/5ML,AB,
FUROSEMIDE,AVET LIFESCIENCES,INJECTABLE;INJECTION,203428,FUROSEMIDE,ANDA,20250915_095650,Prescription,No,No,10MG/ML,AP,
DOXYCYCLINE,LUPIN,CAPSULE;ORAL,216631,DOXYCYCLINE,ANDA,20250915_095652,Prescription,No,No,40MG,AB,
DAPAGLIFLOZIN; SAXAGLIPTIN,MSN LABS PVT LTD,TABLET; ORAL,211533,DAPAGLIFLOZIN AND SAXAGLIPTIN,ANDA,20250915_095653,None (Tentative Approval),No,No,10MG/5MG,,
GABAPENTIN,STRIDES PHARMA,TABLET;ORAL,211313,GABAPENTIN,ANDA,20250915_095653,Prescription,No,No,600MG,AB1,
GABAPENTIN,STRIDES PHARMA,TABLET;ORAL,211313,GABAPENTIN,ANDA,20250915_095654,Prescription,No,No,800MG,AB1,
GABAPENTIN,STRIDES PHARMA,TABLET;ORAL,211313,GABAPENTIN,ANDA,20250915_095654,Prescription,No,No,100MG,AB1,
GABAPENTIN,STRIDES PHARMA,TABLET;ORAL,211313,GABAPENTIN,ANDA,20250915_095654,Prescription,No,No,400MG,AB1,
MACITENTAN,AUROBINDO PHARMA LTD,TABLET;ORAL,211198,MACITENTAN,ANDA,20250915_095655,Discontinued,No,No,10MG,,
DOXYCYCLINE,MACLEODS PHARMS LTD,CAPSULE;ORAL,210381,DOXYCYCLINE,ANDA,20250915_095655,Prescription,No,No,40MG,AB,
TEDUGLUTIDE,TAKEDA PHARMS USA,POWDER;SUBCUTANEOUS,203441,GATTEX KIT,NDA,20250915_095657,Prescription,Yes,Yes,5MG/VIAL,,
PAZOPANIB HYDROCHLORIDE,TORRENT,TABLET;ORAL,219922,PAZOPANIB HYDROCHLORIDE,ANDA,20250915_095658,Prescription,No,No,EQ 400MG BASE,,
PALIPERIDONE,ESKAYEF,"TABLET, EXTENDED RELEASE;ORAL",218755,PALIPERIDONE,ANDA,20250915_095659,Prescription,No,No,1.5MG,AB,
PALIPERIDONE,ESKAYEF,"TABLET, EXTENDED RELEASE;ORAL",218755,PALIPERIDONE,ANDA,20250915_095659,Prescription,No,No,3MG,AB,
PALIPERIDONE,ESKAYEF,"TABLET, EXTENDED RELEASE;ORAL",218755,PALIPERIDONE,ANDA,20250915_095659,Prescription,No,No,6MG,AB,
PALIPERIDONE,ESKAYEF,"TABLET, EXTENDED RELEASE;ORAL",218755,PALIPERIDONE,ANDA,20250915_095659,Prescription,No,No,9MG,AB,
TACROLIMUS,CHENGDU,"CAPSULE, EXTENDED RELEASE;ORAL",215012,TACROLIMUS,ANDA,20250915_095659,Prescription,No,No,EQ 0.5MG BASE,AB,
TACROLIMUS,CHENGDU,"CAPSULE, EXTENDED RELEASE;ORAL",215012,TACROLIMUS,ANDA,20250915_095659,Prescription,No,No,EQ 1MG BASE,AB,
TACROLIMUS,CHENGDU,"CAPSULE, EXTENDED RELEASE;ORAL",215012,TACROLIMUS,ANDA,20250915_095659,Prescription,No,No,EQ 5MG BASE,AB,
MELPHALAN HYDROCHLORIDE,DELCATH SYSTEMS INC,POWDER;INTRA-ARTERIAL,201848,HEPZATO,NDA,20250915_095700,Prescription,Yes,Yes,EQ 50MG BASE/VIAL,,
SELEGILINE HYDROCHLORIDE,CHARTWELL MOLECULES,TABLET;ORAL,074565,SELEGILINE HYDROCHLORIDE,ANDA,20250915_095701,Discontinued,No,No,5MG,,
VIGABATRIN,PYROS PHARMS,SOLUTION;ORAL,217684,VIGAFYDE,NDA,20250915_095704,Prescription,Yes,Yes,100MG/ML,,
ZIPRASIDONE MESYLATE,STERISCIENCE,POWDER;INTRAMUSCULAR,217595,ZIPRASIDONE MESYLATE,ANDA,20250915_095705,Prescription,No,No,EQ 20MG BASE/VIAL,AP,
SAPROPTERIN DIHYDROCHLORIDE,HOPEWELL PHARMA,POWDER;ORAL,216432,SAPROPTERIN DIHYDROCHLORIDE,ANDA,20250915_095706,Prescription,No,No,100MG/PACKET,AB,
SAPROPTERIN DIHYDROCHLORIDE,HOPEWELL PHARMA,POWDER;ORAL,216432,SAPROPTERIN DIHYDROCHLORIDE,ANDA,20250915_095706,Prescription,No,No,500MG/PACKET,AB,
QUETIAPINE FUMARATE,AMNEAL PHARMS,"TABLET, EXTENDED RELEASE;ORAL",211405,QUETIAPINE FUMARATE,ANDA,20250915_095708,Discontinued,No,No,EQ 400MG BASE,,
OLANZAPINE,EUGIA PHARMA,INJECTABLE;INTRAMUSCULAR,210968,OLANZAPINE,ANDA,20250915_095708,Prescription,No,No,10MG/VIAL,AP,
TRAMADOL HYDROCHLORIDE,RUBICON RESEARCH,TABLET;ORAL,208708,TRAMADOL HYDROCHLORIDE,ANDA,20250915_095709,Prescription,No,No,50MG,AB,
TRAMADOL HYDROCHLORIDE,RUBICON RESEARCH,TABLET;ORAL,208708,TRAMADOL HYDROCHLORIDE,ANDA,20250915_095709,Prescription,No,Yes,100MG,AB,
TRAMADOL HYDROCHLORIDE,RUBICON RESEARCH,TABLET;ORAL,208708,TRAMADOL HYDROCHLORIDE,ANDA,20250915_095709,Prescription,No,No,25MG,,
TRAMADOL HYDROCHLORIDE,RUBICON RESEARCH,TABLET;ORAL,208708,TRAMADOL HYDROCHLORIDE,ANDA,20250915_095709,Prescription,No,No,75MG,,
IMIQUIMOD,TARO,CREAM;TOPICAL,205971,IMIQUIMOD,ANDA,20250915_095710,Prescription,No,No,3.75%,AB,
LACOSAMIDE,SCIEGEN PHARMS INC,TABLET;ORAL,205237,LACOSAMIDE,ANDA,20250915_095711,Prescription,No,No,50MG,AB,
LACOSAMIDE,SCIEGEN PHARMS INC,TABLET;ORAL,205237,LACOSAMIDE,ANDA,20250915_095711,Prescription,No,No,100MG,AB,
LACOSAMIDE,SCIEGEN PHARMS INC,TABLET;ORAL,205237,LACOSAMIDE,ANDA,20250915_095711,Prescription,No,No,150MG,AB,
LACOSAMIDE,SCIEGEN PHARMS INC,TABLET;ORAL,205237,LACOSAMIDE,ANDA,20250915_095711,Prescription,No,No,200MG,AB,
PALIPERIDONE,AMNEAL PHARMS,"TABLET, EXTENDED RELEASE;ORAL",204707,PALIPERIDONE,ANDA,20250915_095711,Prescription,No,No,1.5MG,AB,
PALIPERIDONE,AMNEAL PHARMS,"TABLET, EXTENDED RELEASE;ORAL",204707,PALIPERIDONE,ANDA,20250915_095711,Prescription,No,No,3MG,AB,
PALIPERIDONE,AMNEAL PHARMS,"TABLET, EXTENDED RELEASE;ORAL",204707,PALIPERIDONE,ANDA,20250915_095711,Prescription,No,No,6MG,AB,
PALIPERIDONE,AMNEAL PHARMS,"TABLET, EXTENDED RELEASE;ORAL",204707,PALIPERIDONE,ANDA,20250915_095711,Prescription,No,No,9MG,AB,
LAMOTRIGINE,IPCA LABS,TABLET;ORAL,204499,LAMOTRIGINE,ANDA,20250915_095712,Prescription,No,No,25MG,AB,
LAMOTRIGINE,IPCA LABS,TABLET;ORAL,204499,LAMOTRIGINE,ANDA,20250915_095712,Prescription,No,No,100MG,AB,
LAMOTRIGINE,IPCA LABS,TABLET;ORAL,204499,LAMOTRIGINE,ANDA,20250915_095712,Prescription,No,No,150MG,AB,
LAMOTRIGINE,IPCA LABS,TABLET;ORAL,204499,LAMOTRIGINE,ANDA,20250915_095712,Prescription,No,No,200MG,AB,
FLUOCINOLONE ACETONIDE,PADAGIS ISRAEL,OIL;TOPICAL,202847,FLUOCINOLONE ACETONIDE,ANDA,20250915_095715,Prescription,No,No,0.01%,AT,
DORZOLAMIDE HYDROCHLORIDE; TIMOLOL MALEATE,CHARTWELL MOLECULAR,SOLUTION/DROPS;OPHTHALMIC,201998,DORZOLAMIDE HYDROCHLORIDE AND TIMOLOL MALEATE,ANDA,20250915_095716,Discontinued,No,No,EQ 2% BASE;EQ 0.5% BASE,,
FLUOCINOLONE ACETONIDE,AMNEAL,OIL;TOPICAL,201764,FLUOCINOLONE ACETONIDE,ANDA,20250915_095717,Discontinued,No,No,0.01%,,
METOPROLOL TARTRATE,RENATA,TABLET;ORAL,074453,METOPROLOL TARTRATE,ANDA,20250915_095721,Prescription,No,No,50MG,AB,
METOPROLOL TARTRATE,RENATA,TABLET;ORAL,074453,METOPROLOL TARTRATE,ANDA,20250915_095721,Prescription,No,No,100MG,AB,
TOPIRAMATE,AJANTA PHARMA LTD,"CAPSULE, EXTENDED RELEASE;ORAL",219564,TOPIRAMATE,ANDA,20250915_095723,Prescription,No,No,25MG,AB2,
TOPIRAMATE,AJANTA PHARMA LTD,"CAPSULE, EXTENDED RELEASE;ORAL",219564,TOPIRAMATE,ANDA,20250915_095723,Prescription,No,No,50MG,AB2,
TOPIRAMATE,AJANTA PHARMA LTD,"CAPSULE, EXTENDED RELEASE;ORAL",219564,TOPIRAMATE,ANDA,20250915_095723,Prescription,No,No,100MG,AB2,
TOPIRAMATE,AJANTA PHARMA LTD,"CAPSULE, EXTENDED RELEASE;ORAL",219564,TOPIRAMATE,ANDA,20250915_095723,Prescription,No,No,150MG,AB2,
TOPIRAMATE,AJANTA PHARMA LTD,"CAPSULE, EXTENDED RELEASE;ORAL",219564,TOPIRAMATE,ANDA,20250915_095723,Prescription,No,No,200MG,AB2,
TASIMELTEON,MSN LABORATORIES PRIVATE LTD,SUSPENSION,219541,TASIMELTEON,ANDA,20250915_095724,None (Tentative Approval),No,No,4MG/1ML,,
MILRINONE LACTATE,CAPLIN,INJECTABLE;INJECTION,219170,MILRINONE LACTATE IN DEXTROSE 5%,ANDA,20250915_095725,Prescription,No,No,EQ 20MG BASE/100ML (EQ 0.2MG BASE/ML),AP,
MILRINONE LACTATE,CAPLIN,INJECTABLE;INJECTION,219170,MILRINONE LACTATE IN DEXTROSE 5%,ANDA,20250915_095725,Prescription,No,No,EQ 40MG BASE/200ML (EQ 0.2MG BASE/ML),AP,
PITOLISANT,ANNORA PHARMA PRIVATE LIMITED,TABLET,218832,PITOLISANT,ANDA,20250915_095726,None (Tentative Approval),No,No,4.45MG,,
PITOLISANT,ANNORA PHARMA PRIVATE LIMITED,TABLET,218832,PITOLISANT,ANDA,20250915_095726,None (Tentative Approval),No,No,17.8MG,,
RISPERIDONE,AMNEAL,INJECTABLE;INTRAMUSCULAR,218586,RISPERIDONE,ANDA,20250915_095727,Prescription,No,No,12.5MG/VIAL,AB,
RISPERIDONE,AMNEAL,INJECTABLE;INTRAMUSCULAR,218586,RISPERIDONE,ANDA,20250915_095727,Prescription,No,No,25MG/VIAL,AB,
RISPERIDONE,AMNEAL,INJECTABLE;INTRAMUSCULAR,218586,RISPERIDONE,ANDA,20250915_095727,Prescription,No,No,37.5MG/VIAL,AB,
RISPERIDONE,AMNEAL,INJECTABLE;INTRAMUSCULAR,218586,RISPERIDONE,ANDA,20250915_095727,Prescription,No,No,50MG/VIAL,AB,
RISPERIDONE,NANOMI,INJECTABLE;INTRAMUSCULAR,211220,RISPERIDONE,ANDA,20250915_095728,Prescription,No,No,25MG/VIAL,AB,
RISPERIDONE,NANOMI,INJECTABLE;INTRAMUSCULAR,211220,RISPERIDONE,ANDA,20250915_095728,Prescription,No,No,37.5MG/VIAL,AB,
RISPERIDONE,NANOMI,INJECTABLE;INTRAMUSCULAR,211220,RISPERIDONE,ANDA,20250915_095728,Prescription,No,No,50MG/VIAL,AB,
VENLAFAXINE HYDROCHLORIDE,SUN PHARM,"TABLET, EXTENDED RELEASE;ORAL",091272,VENLAFAXINE HYDROCHLORIDE,ANDA,20250915_095729,Discontinued,No,No,EQ 37.5MG BASE,,
VENLAFAXINE HYDROCHLORIDE,SUN PHARM,"TABLET, EXTENDED RELEASE;ORAL",091272,VENLAFAXINE HYDROCHLORIDE,ANDA,20250915_095729,Discontinued,No,No,EQ 75MG BASE,,
VENLAFAXINE HYDROCHLORIDE,SUN PHARM,"TABLET, EXTENDED RELEASE;ORAL",091272,VENLAFAXINE HYDROCHLORIDE,ANDA,20250915_095729,Discontinued,No,No,EQ 150MG BASE,,
VENLAFAXINE HYDROCHLORIDE,SUN PHARM,"TABLET, EXTENDED RELEASE;ORAL",091272,VENLAFAXINE HYDROCHLORIDE,ANDA,20250915_095729,Discontinued,No,No,EQ 225MG BASE,,
DIVALPROEX SODIUM,MYLAN,"TABLET, EXTENDED RELEASE;ORAL",077567,DIVALPROEX SODIUM,ANDA,20250915_095731,Prescription,No,No,EQ 250MG VALPROIC ACID,AB,
DIVALPROEX SODIUM,MYLAN,"TABLET, EXTENDED RELEASE;ORAL",077567,DIVALPROEX SODIUM,ANDA,20250915_095731,Prescription,No,No,EQ 500MG VALPROIC ACID,AB,
AMPICILLIN/AMPICILLIN TRIHYDRATE,SANDOZ,CAPSULE;ORAL,064082,AMPICILLIN TRIHYDRATE,ANDA,20250915_095732,Discontinued,No,No,EQ 250MG BASE,,
AMPICILLIN/AMPICILLIN TRIHYDRATE,SANDOZ,CAPSULE;ORAL,064082,AMPICILLIN TRIHYDRATE,ANDA,20250915_095732,Prescription,No,Yes,EQ 500MG BASE,AB,
EXENATIDE SYNTHETIC,ASTRAZENECA AB,INJECTABLE;SUBCUTANEOUS,021773,BYETTA,NDA,20250915_095733,Discontinued,Yes,No,300MCG/1.2ML (250MCG/ML),,
EXENATIDE SYNTHETIC,ASTRAZENECA AB,INJECTABLE;SUBCUTANEOUS,021773,BYETTA,NDA,20250915_095733,Discontinued,Yes,No,600MCG/2.4ML (250MCG/ML),,
